{"cameraMode":{"drawMode":0,"name":"Shaded","section":"Shading Mode"},"sceneLighting":true,"audioPlay":false,"sceneViewState":{"m_AlwaysRefresh":false,"showFog":true,"showSkybox":true,"showFlares":true,"showImageEffects":true,"showParticleSystems":true,"showVisualEffectGraphs":true,"m_FxEnabled":true},"in2DMode":false,"pivot":{"x":3.0372748374938967,"y":-1.8920104503631592,"z":-19.560972213745118},"rotation":{"x":0.0033835801295936109,"y":0.995600163936615,"z":-0.06323712319135666,"w":0.07632406055927277},"size":12.12435531616211,"orthographic":false}