{"cameraMode":{"drawMode":0,"name":"Shaded","section":"Shading Mode"},"sceneLighting":false,"audioPlay":false,"sceneViewState":{"m_AlwaysRefresh":false,"showFog":true,"showSkybox":false,"showFlares":true,"showImageEffects":true,"showParticleSystems":true,"showVisualEffectGraphs":true,"m_FxEnabled":true},"in2DMode":false,"pivot":{"x":-0.8090757131576538,"y":0.6890938878059387,"z":0.025428757071495057},"rotation":{"x":-0.050958793610334399,"y":0.9487464427947998,"z":-0.22953183948993684,"w":-0.21176476776599885},"size":1.2043039798736573,"orthographic":false}