{"cameraMode":{"drawMode":0,"name":"Shaded","section":"Shading Mode"},"sceneLighting":true,"audioPlay":false,"sceneViewState":{"m_AlwaysRefresh":false,"showFog":true,"showSkybox":false,"showFlares":true,"showImageEffects":true,"showParticleSystems":true,"showVisualEffectGraphs":true,"m_FxEnabled":true},"in2DMode":false,"pivot":{"x":500.4224853515625,"y":4.484001159667969,"z":-522.4945068359375},"rotation":{"x":0.013234587386250496,"y":0.9763568639755249,"z":-0.20989468693733216,"w":0.056481894105672839},"size":124.4759292602539,"orthographic":false}