{"cameraMode":{"drawMode":0,"name":"Shaded","section":"Shading Mode"},"sceneLighting":false,"audioPlay":false,"sceneViewState":{"m_AlwaysRefresh":false,"showFog":true,"showSkybox":false,"showFlares":true,"showImageEffects":true,"showParticleSystems":true,"showVisualEffectGraphs":true,"m_FxEnabled":true},"in2DMode":false,"pivot":{"x":0.08110117167234421,"y":0.19211146235466004,"z":0.4597688317298889},"rotation":{"x":-0.1171577125787735,"y":0.859723687171936,"z":-0.22866550087928773,"w":-0.441712886095047},"size":0.18131548166275025,"orthographic":false}