{"cameraMode":{"drawMode":0,"name":"Shaded","section":"Shading Mode"},"sceneLighting":false,"audioPlay":false,"sceneViewState":{"m_AlwaysRefresh":false,"showFog":true,"showSkybox":false,"showFlares":true,"showImageEffects":true,"showParticleSystems":true,"showVisualEffectGraphs":true,"m_FxEnabled":true},"in2DMode":false,"pivot":{"x":-0.0014645755290985108,"y":0.3585909903049469,"z":0.00022143125534057617},"rotation":{"x":-0.06372099369764328,"y":-0.5560484528541565,"z":0.04276176169514656,"w":-0.827629566192627},"size":0.47329777479171755,"orthographic":false}