{"cameraMode":{"drawMode":0,"name":"Shaded","section":"Shading Mode"},"sceneLighting":false,"audioPlay":false,"sceneViewState":{"m_AlwaysRefresh":false,"showFog":true,"showSkybox":false,"showFlares":true,"showImageEffects":true,"showParticleSystems":true,"showVisualEffectGraphs":true,"m_FxEnabled":true},"in2DMode":false,"pivot":{"x":-9.777670860290528,"y":2.1870479583740236,"z":-7.802316188812256},"rotation":{"x":-0.050958793610334399,"y":0.9487464427947998,"z":-0.22953183948993684,"w":-0.21176476776599885},"size":2.2309958934783937,"orthographic":false}