{"cameraMode":{"drawMode":0,"name":"Shaded","section":"Shading Mode"},"sceneLighting":false,"audioPlay":false,"sceneViewState":{"m_AlwaysRefresh":false,"showFog":true,"showSkybox":false,"showFlares":true,"showImageEffects":true,"showParticleSystems":true,"showVisualEffectGraphs":true,"m_FxEnabled":true},"in2DMode":false,"pivot":{"x":1.5037775039672852,"y":0.4810354709625244,"z":2.670546054840088},"rotation":{"x":-0.050958793610334399,"y":0.9487464427947998,"z":-0.22953183948993684,"w":-0.21176476776599885},"size":1.9054769277572632,"orthographic":false}